"Date ","series ","OPEN ","HIGH ","LOW ","PREV. CLOSE ","ltp ","close ","vwap ","52W H ","52W L ","VOLUME ","VALUE ","No of trades "
"16-May-2025","EQ","11,950.00","11,990.00","11,857.00","11,894.00","11,915.00","11,905.00","11,917.28","12,339.00","9,427.10","2,09,706","2,49,91,24,960.00","58,092"
"15-May-2025","EQ","11,672.00","11,932.00","11,643.00","11,672.00","11,898.00","11,894.00","11,810.51","12,339.00","9,427.10","3,71,371","4,38,60,81,964.00","85,017"
"14-May-2025","EQ","11,676.00","11,741.00","11,624.00","11,661.00","11,692.00","11,672.00","11,679.31","12,339.00","9,427.10","1,79,337","2,09,45,32,337.00","37,721"
"13-May-2025","EQ","11,700.00","11,748.00","11,566.00","11,736.00","11,675.00","11,661.00","11,660.55","12,339.00","9,427.10","3,07,678","3,58,76,95,343.00","73,888"
"12-May-2025","EQ","11,590.00","11,767.00","11,565.00","11,364.00","11,745.00","11,736.00","11,662.23","12,339.00","9,427.10","1,82,795","2,13,17,96,695.00","42,975"
"09-May-2025","EQ","11,480.00","11,558.00","11,313.00","11,631.00","11,373.00","11,364.00","11,378.05","12,339.00","9,408.05","2,00,270","2,27,86,82,501.00","44,207"
"08-May-2025","EQ","11,601.00","11,740.00","11,539.00","11,658.00","11,539.00","11,631.00","11,638.56","12,339.00","9,408.05","3,88,912","4,52,63,77,227.00","68,659"
"07-May-2025","EQ","11,651.00","11,700.00","11,553.00","11,693.00","11,650.00","11,658.00","11,638.22","12,339.00","9,408.05","2,17,460","2,53,08,47,913.00","46,430"
"06-May-2025","EQ","11,699.00","11,729.00","11,544.00","11,670.00","11,660.00","11,693.00","11,657.32","12,339.00","9,408.05","2,73,048","3,18,30,08,987.00","44,045"
"05-May-2025","EQ","11,702.00","11,728.00","11,652.00","11,644.00","11,664.00","11,670.00","11,690.29","12,339.00","9,408.05","1,45,699","1,70,32,63,841.00","34,830"
"02-May-2025","EQ","11,641.00","11,750.00","11,481.00","11,641.00","11,650.00","11,644.00","11,632.05","12,339.00","9,408.05","2,55,248","2,96,90,57,482.00","54,821"
"30-Apr-2025","EQ","11,869.00","11,925.00","11,500.00","11,869.00","11,635.00","11,641.00","11,690.29","12,339.00","9,408.05","6,30,392","7,36,94,67,532.00","84,540"
"29-Apr-2025","EQ","12,201.00","12,222.00","11,800.00","12,114.00","11,850.00","11,869.00","11,916.39","12,339.00","9,408.05","5,16,495","6,15,47,56,933.00","81,068"
"28-Apr-2025","EQ","12,232.00","12,339.00","12,001.00","12,237.00","12,128.00","12,114.00","12,176.64","12,339.00","9,408.05","5,16,745","6,29,22,16,725.00","85,617"
"25-Apr-2025","EQ","12,149.00","12,304.00","11,860.00","12,159.00","12,190.00","12,237.00","12,152.24","12,304.00","9,408.05","4,12,558","5,01,35,04,624.00","74,435"
"24-Apr-2025","EQ","11,877.00","12,188.00","11,870.00","11,949.00","12,175.00","12,159.00","12,102.41","12,188.00","9,408.05","3,39,743","4,11,17,07,703.00","61,628"
"23-Apr-2025","EQ","12,040.00","12,040.00","11,826.00","11,959.00","11,867.00","11,949.00","11,920.31","12,145.35","9,408.05","2,67,717","3,19,12,69,838.00","52,644"
"22-Apr-2025","EQ","11,934.00","12,017.00","11,850.00","11,934.00","11,917.00","11,959.00","11,979.14","12,145.35","9,408.05","3,34,667","4,00,90,23,023.00","51,365"
"21-Apr-2025","EQ","11,816.00","12,110.00","11,781.00","11,901.00","11,931.00","11,934.00","11,984.98","12,145.35","9,408.05","2,30,595","2,76,36,76,318.00","48,907"
"17-Apr-2025","EQ","11,667.00","11,922.00","11,600.00","11,728.00","11,900.00","11,901.00","11,805.46","12,145.35","9,250.00","2,90,473","3,42,91,66,427.00","73,621"
"16-Apr-2025","EQ","11,667.00","11,827.00","11,667.00","11,719.00","11,741.00","11,728.00","11,758.79","12,145.35","9,250.00","2,68,150","3,15,31,20,543.00","44,368"
"15-Apr-2025","EQ","11,749.00","11,749.00","11,581.00","11,502.65","11,710.00","11,719.00","11,699.79","12,145.35","9,250.00","3,45,260","4,03,94,69,673.00","73,287"
"11-Apr-2025","EQ","11,842.35","11,842.35","11,454.05","11,397.05","11,500.00","11,502.65","11,547.62","12,145.35","9,250.00","3,51,037","4,05,36,43,064.05","60,234"
"09-Apr-2025","EQ","11,288.85","11,423.00","11,180.00","11,270.45","11,367.00","11,397.05","11,344.25","12,145.35","9,250.00","2,30,611","2,61,61,09,017.00","38,075"
"08-Apr-2025","EQ","11,317.75","11,542.75","11,240.80","11,191.60","11,275.00","11,270.45","11,331.35","12,145.35","9,250.00","6,02,120","6,82,28,33,917.00","98,177"
"07-Apr-2025","EQ","11,200.00","11,300.05","11,015.05","11,498.65","11,288.90","11,191.60","11,110.08","12,145.35","9,250.00","4,84,513","5,38,29,76,037.95","92,786"
"04-Apr-2025","EQ","11,599.00","11,613.50","11,421.00","11,606.60","11,500.00","11,498.65","11,492.67","12,145.35","9,250.00","2,22,191","2,55,35,68,851.90","42,520"
"03-Apr-2025","EQ","11,189.00","11,650.05","11,155.00","11,250.95","11,595.10","11,606.60","11,508.39","12,145.35","9,250.00","3,61,884","4,16,47,02,313.00","51,687"
"02-Apr-2025","EQ","11,360.00","11,360.00","11,178.10","11,378.65","11,275.00","11,250.95","11,237.33","12,145.35","9,250.00","3,76,468","4,23,04,96,231.20","53,198"
"01-Apr-2025","EQ","11,350.00","11,565.65","11,337.15","11,509.55","11,386.80","11,378.65","11,406.74","12,145.35","9,250.00","2,63,144","3,00,16,15,364.70","51,116"
"28-Mar-2025","EQ","11,585.50","11,699.00","11,458.65","11,599.60","11,481.10","11,509.55","11,534.35","12,145.35","9,250.00","2,80,960","3,24,06,89,786.75","49,077"
"27-Mar-2025","EQ","11,400.50","11,629.95","11,350.00","11,402.10","11,580.00","11,599.60","11,539.24","12,145.35","9,250.00","4,06,112","4,68,62,25,214.00","81,057"
"26-Mar-2025","EQ","11,381.00","11,487.00","11,300.00","11,421.20","11,401.00","11,402.10","11,430.83","12,145.35","9,250.00","4,01,569","4,59,02,66,489.65","56,572"
"25-Mar-2025","EQ","11,240.00","11,478.85","11,204.70","11,051.20","11,406.00","11,421.20","11,406.47","12,145.35","9,250.00","7,54,457","8,60,56,90,643.70","1,07,473"
"24-Mar-2025","EQ","11,018.95","11,077.95","10,853.85","10,976.75","11,050.00","11,051.20","11,005.52","12,145.35","9,250.00","2,94,688","3,24,31,93,967.70","40,849"
"21-Mar-2025","EQ","11,019.00","11,064.00","10,885.65","10,948.15","10,985.05","10,976.75","10,970.12","12,145.35","9,250.00","6,56,565","7,20,25,98,007.30","52,274"
"20-Mar-2025","EQ","10,931.15","11,240.00","10,816.00","10,933.25","10,933.00","10,948.15","10,892.96","12,145.35","9,250.00","5,49,251","5,98,29,70,409.65","69,007"
"19-Mar-2025","EQ","10,710.00","10,945.10","10,700.00","10,698.10","10,930.00","10,933.25","10,868.59","12,145.35","9,250.00","2,69,175","2,92,55,52,519.90","43,132"
"18-Mar-2025","EQ","10,570.00","10,745.00","10,551.00","10,547.10","10,690.00","10,698.10","10,675.73","12,145.35","9,250.00","3,54,620","3,78,58,26,052.40","66,426"
"17-Mar-2025","EQ","10,546.50","10,577.35","10,448.00","10,452.10","10,531.55","10,547.10","10,521.97","12,145.35","9,250.00","2,12,061","2,23,12,98,591.05","42,223"
"13-Mar-2025","EQ","10,520.00","10,520.00","10,380.10","10,520.40","10,458.00","10,452.10","10,441.76","12,145.35","9,250.00","2,19,474","2,29,16,95,762.50","36,641"
"12-Mar-2025","EQ","10,480.00","10,549.80","10,362.00","10,439.25","10,493.70","10,520.40","10,452.82","12,145.35","9,250.00","2,99,765","3,13,33,88,728.65","46,444"
"11-Mar-2025","EQ","10,411.00","10,508.55","10,356.25","10,520.10","10,458.60","10,439.25","10,447.70","12,145.35","9,250.00","1,80,753","1,88,84,53,990.60","38,540"
"10-Mar-2025","EQ","10,589.00","10,645.60","10,477.00","10,582.40","10,478.50","10,520.10","10,537.97","12,145.35","9,250.00","1,65,649","1,74,56,04,916.05","29,030"
"07-Mar-2025","EQ","10,501.00","10,609.60","10,446.70","10,493.50","10,560.05","10,582.40","10,571.75","12,145.35","9,250.00","3,02,339","3,19,62,50,841.65","55,209"
"06-Mar-2025","EQ","10,539.80","10,540.00","10,317.20","10,464.20","10,469.90","10,493.50","10,431.79","12,145.35","9,250.00","3,65,920","3,81,72,00,850.90","78,871"
"05-Mar-2025","EQ","10,387.90","10,506.80","10,295.25","10,370.10","10,457.55","10,464.20","10,403.96","12,145.35","9,250.00","3,10,832","3,23,38,84,581.65","71,514"
"04-Mar-2025","EQ","10,250.00","10,454.80","10,240.00","10,340.80","10,373.40","10,370.10","10,363.33","12,145.35","9,250.00","3,52,922","3,65,74,46,084.85","66,697"
"03-Mar-2025","EQ","10,319.25","10,621.80","10,283.15","10,128.45","10,348.00","10,340.80","10,362.21","12,145.35","9,250.00","8,35,344","8,65,60,13,709.75","1,01,846"
"28-Feb-2025","EQ","10,490.00","10,490.00","10,047.85","10,447.65","10,089.25","10,128.45","10,245.66","12,145.35","9,250.00","12,30,856","12,61,09,29,778.00","1,22,882"
"27-Feb-2025","EQ","10,800.00","10,800.00","10,264.40","10,964.15","10,450.00","10,447.65","10,438.18","12,145.35","9,250.00","17,22,295","17,97,76,27,891.50","1,66,691"
"25-Feb-2025","EQ","11,042.65","11,054.25","10,841.00","11,042.65","10,950.00","10,964.15","10,935.24","12,145.35","9,250.00","2,96,499","3,24,22,86,771.50","59,380"
"24-Feb-2025","EQ","11,008.65","11,170.00","10,975.05","11,157.25","11,036.95","11,042.65","11,098.36","12,145.35","9,250.00","1,75,294","1,94,54,75,234.95","47,524"
"21-Feb-2025","EQ","11,265.00","11,290.00","10,990.00","11,287.60","11,160.25","11,157.25","11,107.14","12,145.35","9,250.00","3,20,240","3,55,69,49,608.80","69,280"
"20-Feb-2025","EQ","11,291.10","11,330.00","11,245.20","11,291.55","11,256.00","11,287.60","11,301.42","12,145.35","9,250.00","1,42,187","1,60,69,15,445.15","32,476"
"19-Feb-2025","EQ","11,290.00","11,460.00","11,231.00","11,308.90","11,286.15","11,291.55","11,338.98","12,145.35","9,250.00","1,57,580","1,78,67,97,136.00","34,374"
"18-Feb-2025","EQ","11,450.00","11,460.60","11,251.00","11,490.10","11,283.05","11,308.90","11,318.07","12,145.35","9,250.00","2,68,795","3,04,22,39,335.90","43,083"
"17-Feb-2025","EQ","11,219.00","11,509.90","11,043.40","11,263.85","11,464.15","11,490.10","11,337.44","12,145.35","9,250.00","1,66,053","1,88,26,16,205.05","40,481"
"14-Feb-2025","EQ","11,589.00","11,589.00","11,182.00","11,546.45","11,256.00","11,263.85","11,299.13","12,145.35","9,250.00","2,79,199","3,15,47,04,929.30","50,050"
"13-Feb-2025","EQ","11,500.00","11,649.90","11,422.20","11,478.50","11,506.30","11,546.45","11,570.50","12,145.35","9,250.00","3,36,128","3,88,91,67,908.55","82,868"
"12-Feb-2025","EQ","11,300.00","11,599.00","11,074.60","11,300.20","11,466.00","11,478.50","11,373.57","12,145.35","9,250.00","3,47,198","3,94,88,82,383.90","74,704"
"11-Feb-2025","EQ","11,497.00","11,515.60","11,240.25","11,532.30","11,309.00","11,300.20","11,365.03","12,145.35","9,250.00","3,01,338","3,42,47,14,324.85","69,132"
"10-Feb-2025","EQ","11,520.00","11,613.70","11,490.00","11,640.60","11,505.00","11,532.30","11,536.86","12,145.35","9,250.00","2,62,455","3,02,79,06,597.25","47,706"
"07-Feb-2025","EQ","11,501.10","11,733.00","11,475.05","11,477.35","11,641.00","11,640.60","11,645.89","12,145.35","9,250.00","3,10,549","3,61,66,20,356.15","78,341"
"06-Feb-2025","EQ","11,577.20","11,619.55","11,327.70","11,585.70","11,480.00","11,477.35","11,462.36","12,145.35","9,250.00","3,08,664","3,53,80,18,281.20","66,968"
"05-Feb-2025","EQ","11,519.10","11,632.85","11,433.00","11,519.15","11,540.00","11,585.70","11,563.56","12,145.35","9,250.00","2,36,897","2,73,93,72,770.55","45,416"
"04-Feb-2025","EQ","11,200.10","11,547.85","11,112.15","11,174.65","11,499.00","11,519.15","11,410.05","12,145.35","9,250.00","3,14,752","3,59,13,35,389.90","73,661"
"03-Feb-2025","EQ","11,120.25","11,282.80","10,951.40","11,259.15","11,157.00","11,174.65","11,094.73","12,145.35","9,250.00","4,50,593","4,99,92,07,587.65","54,636"
"01-Feb-2025","EQ","11,544.90","11,787.00","10,798.25","11,487.45","11,318.00","11,259.15","11,388.94","12,145.35","9,250.00","5,13,602","5,84,93,80,061.50","79,102"
"31-Jan-2025","EQ","11,488.65","11,599.00","11,392.15","11,479.40","11,599.00","11,487.45","11,490.01","12,145.35","9,250.00","3,61,656","4,15,54,32,412.15","52,858"
"30-Jan-2025","EQ","11,544.85","11,612.50","11,450.00","11,544.85","11,527.90","11,479.40","11,496.29","12,145.35","9,250.00","2,74,820","3,15,94,10,782.80","51,986"
"29-Jan-2025","EQ","11,296.35","11,574.95","11,260.85","11,296.35","11,545.00","11,544.85","11,500.65","12,145.35","9,250.00","3,77,755","4,34,44,26,362.95","70,380"
"28-Jan-2025","EQ","11,215.00","11,411.60","11,066.00","11,239.50","11,244.00","11,296.35","11,219.45","12,145.35","9,250.00","4,36,707","4,89,96,10,864.20","65,344"
"27-Jan-2025","EQ","11,260.00","11,360.00","11,150.00","11,285.85","11,215.00","11,239.50","11,271.81","12,145.35","9,250.00","4,14,994","4,67,77,33,916.80","1,11,767"
"24-Jan-2025","EQ","11,251.00","11,609.70","11,222.40","11,420.90","11,300.00","11,285.85","11,383.23","12,145.35","9,250.00","5,45,939","6,21,45,48,727.30","97,245"
"23-Jan-2025","EQ","10,690.00","11,571.45","10,689.95","10,693.75","11,406.95","11,420.90","11,194.20","12,145.35","9,250.00","15,10,866","16,91,29,29,812.85","1,59,831"
"22-Jan-2025","EQ","10,700.00","10,797.80","10,606.75","10,667.80","10,675.00","10,693.75","10,695.59","12,145.35","9,250.00","2,49,552","2,66,91,06,469.80","45,822"
"21-Jan-2025","EQ","10,677.50","10,968.05","10,642.05","10,624.45","10,668.95","10,667.80","10,797.33","12,145.35","9,250.00","5,93,842","6,41,19,08,549.65","97,398"
"20-Jan-2025","EQ","10,587.40","10,652.80","10,484.25","10,580.00","10,635.00","10,624.45","10,585.92","12,145.35","9,250.00","3,32,061","3,51,51,71,809.20","50,916"
"17-Jan-2025","EQ","10,636.20","10,723.95","10,500.10","10,636.20","10,600.00","10,580.00","10,573.66","12,145.35","9,250.00","2,97,759","3,14,84,03,337.30","59,678"
"16-Jan-2025","EQ","10,590.00","10,807.60","10,550.00","10,521.65","10,650.00","10,636.20","10,660.38","12,145.35","9,250.00","3,75,910","4,00,73,42,447.75","84,589"
"15-Jan-2025","EQ","10,540.00","10,643.40","10,466.75","10,483.75","10,544.40","10,521.65","10,574.75","12,145.35","9,250.00","3,71,459","3,92,80,84,548.55","73,153"
"14-Jan-2025","EQ","10,570.00","10,733.00","10,462.00","10,615.15","10,500.00","10,483.75","10,539.41","12,145.35","9,250.00","3,44,404","3,62,98,13,714.65","59,764"
"13-Jan-2025","EQ","10,700.00","10,830.00","10,593.40","10,865.20","10,614.00","10,615.15","10,685.81","12,145.35","9,250.00","2,25,902","2,41,39,45,662.90","49,750"
"10-Jan-2025","EQ","11,203.25","11,287.25","10,837.55","11,259.80","10,876.00","10,865.20","10,962.53","12,145.35","9,250.00","2,28,618","2,50,62,31,560.45","41,767"
"09-Jan-2025","EQ","11,403.55","11,432.45","11,183.00","11,403.55","11,292.55","11,259.80","11,265.61","12,145.35","9,250.00","1,96,555","2,21,43,10,998.50","57,138"
"08-Jan-2025","EQ","11,618.55","11,629.95","11,370.00","11,618.55","11,370.00","11,403.55","11,466.80","12,145.35","9,250.00","1,59,583","1,82,99,06,196.10","34,437"
"07-Jan-2025","EQ","11,514.95","11,635.15","11,485.15","11,503.60","11,612.95","11,618.55","11,597.40","12,145.35","9,250.00","1,97,212","2,28,71,46,934.00","48,662"
"06-Jan-2025","EQ","11,801.95","11,854.75","11,450.20","11,786.00","11,490.00","11,503.60","11,583.15","12,145.35","9,250.00","1,39,820","1,61,95,56,722.60","43,628"
"03-Jan-2025","EQ","11,799.00","11,861.65","11,713.00","11,797.70","11,755.00","11,786.00","11,783.74","12,145.35","9,250.00","2,37,651","2,80,04,18,574.65","50,087"
"02-Jan-2025","EQ","11,500.00","11,829.15","11,455.05","11,447.00","11,763.80","11,797.70","11,715.92","12,145.35","9,250.00","2,67,609","3,13,52,86,394.40","53,741"
"01-Jan-2025","EQ","11,411.00","11,520.90","11,305.00","11,426.35","11,449.95","11,447.00","11,440.34","12,145.35","9,250.00","1,07,951","1,23,49,95,863.45","33,461"
"31-Dec-2024","EQ","11,270.00","11,465.00","11,194.05","11,288.35","11,415.00","11,426.35","11,380.63","12,145.35","9,250.00","2,41,737","2,75,11,19,155.05","40,335"
"30-Dec-2024","EQ","11,419.45","11,507.65","11,239.70","11,406.55","11,350.00","11,288.35","11,362.32","12,145.35","9,250.00","1,64,726","1,87,16,68,913.65","35,597"
"27-Dec-2024","EQ","11,491.60","11,555.00","11,385.00","11,460.65","11,419.10","11,406.55","11,466.11","12,145.35","9,250.00","1,18,410","1,35,77,02,164.20","28,607"
"26-Dec-2024","EQ","11,390.35","11,799.00","11,334.50","11,390.35","11,438.70","11,460.65","11,426.56","12,145.35","9,250.00","1,44,283","1,64,86,58,231.75","37,280"
"24-Dec-2024","EQ","11,471.00","11,587.05","11,360.00","11,472.60","11,360.05","11,390.35","11,425.54","12,145.35","9,250.00","1,08,000","1,23,39,58,748.35","20,552"
"23-Dec-2024","EQ","11,520.00","11,582.45","11,375.00","11,422.80","11,465.00","11,472.60","11,466.90","12,145.35","9,250.00","1,49,350","1,71,25,81,625.80","32,189"
"20-Dec-2024","EQ","11,664.85","11,748.00","11,397.65","11,670.80","11,460.95","11,422.80","11,476.88","12,145.35","9,250.00","2,99,802","3,44,07,92,001.45","60,732"
"19-Dec-2024","EQ","11,638.00","11,760.00","11,572.05","11,763.95","11,630.00","11,670.80","11,667.75","12,145.35","9,250.00","1,62,249","1,89,30,81,267.70","41,945"
"18-Dec-2024","EQ","11,775.00","11,855.00","11,700.00","11,774.95","11,762.80","11,763.95","11,762.02","12,145.35","9,250.00","2,22,900","2,62,17,53,999.85","37,383"
"17-Dec-2024","EQ","11,930.65","11,974.15","11,683.20","11,942.50","11,768.95","11,774.95","11,816.10","12,145.35","9,250.00","2,44,639","2,89,06,79,402.75","38,738"
"16-Dec-2024","EQ","12,050.00","12,145.35","11,871.00","12,083.90","11,939.95","11,942.50","11,977.91","12,145.35","9,250.00","2,14,946","2,57,46,04,862.40","44,449"
"13-Dec-2024","EQ","11,800.00","12,118.50","11,730.00","11,856.95","12,082.35","12,083.90","11,971.69","12,138.00","9,250.00","4,08,880","4,89,49,82,613.40","79,275"
"12-Dec-2024","EQ","11,944.00","11,944.00","11,790.90","11,898.50","11,800.00","11,856.95","11,868.98","12,138.00","9,250.00","2,47,809","2,94,12,39,222.70","40,992"
"11-Dec-2024","EQ","11,851.00","12,065.00","11,815.30","11,745.80","11,880.00","11,898.50","11,950.80","12,138.00","9,250.00","5,27,029","6,29,84,19,443.05","76,020"
"10-Dec-2024","EQ","11,745.00","11,807.10","11,695.00","11,814.80","11,760.00","11,745.80","11,740.50","12,138.00","9,250.00","2,32,758","2,73,26,95,678.80","49,354"
"09-Dec-2024","EQ","11,858.40","11,890.00","11,718.00","11,848.50","11,795.20","11,814.80","11,798.22","12,138.00","9,250.00","2,68,177","3,16,40,10,014.80","53,921"
"06-Dec-2024","EQ","11,939.00","11,956.35","11,818.00","11,932.80","11,857.90","11,848.50","11,859.69","12,138.00","9,086.15","1,93,324","2,29,27,62,499.85","45,646"
"05-Dec-2024","EQ","11,745.00","12,001.95","11,722.85","11,766.80","11,920.00","11,932.80","11,872.83","12,138.00","9,086.15","4,36,371","5,18,09,59,764.70","84,627"
"04-Dec-2024","EQ","11,866.20","11,920.35","11,748.05","11,852.35","11,750.00","11,766.80","11,833.31","12,138.00","9,086.15","3,06,770","3,63,01,03,120.25","65,045"
"03-Dec-2024","EQ","11,674.75","11,935.00","11,624.95","11,648.55","11,862.20","11,852.35","11,825.06","12,138.00","9,086.15","5,01,811","5,93,39,47,263.15","89,688"
"02-Dec-2024","EQ","11,206.70","11,780.00","11,206.70","11,202.15","11,630.20","11,648.55","11,612.65","12,138.00","9,086.15","6,33,694","7,35,88,69,635.50","93,881"
"29-Nov-2024","EQ","10,915.00","11,233.00","10,915.00","10,997.80","11,188.00","11,202.15","11,147.37","12,138.00","8,588.25","3,67,574","4,09,74,84,116.30","78,390"
"28-Nov-2024","EQ","11,174.00","11,190.00","10,957.60","11,139.90","11,066.00","10,997.80","11,046.26","12,138.00","8,588.25","3,26,140","3,60,26,27,831.00","73,618"
"27-Nov-2024","EQ","11,020.60","11,188.95","10,960.00","11,121.05","11,159.95","11,139.90","11,069.52","12,138.00","8,588.25","3,30,284","3,65,60,84,237.95","50,927"
"26-Nov-2024","EQ","11,457.45","11,497.30","11,106.00","11,457.45","11,110.85","11,121.05","11,195.31","12,138.00","8,588.25","2,43,711","2,72,84,19,474.70","52,276"
"25-Nov-2024","EQ","11,450.00","11,690.00","11,437.25","11,375.30","11,469.80","11,457.45","11,515.59","12,138.00","8,588.25","4,65,057","5,35,54,05,462.55","71,786"
"22-Nov-2024","EQ","10,999.00","11,409.90","10,931.65","10,954.85","11,301.15","11,375.30","11,270.69","12,138.00","8,545.05","3,28,426","3,70,15,86,827.40","71,610"
"21-Nov-2024","EQ","10,555.00","11,005.85","10,555.00","10,769.55","10,952.65","10,954.85","10,862.41","12,138.00","8,545.05","2,56,924","2,79,08,14,082.10","66,891"
"19-Nov-2024","EQ","10,684.05","10,870.00","10,657.90","10,630.90","10,741.00","10,769.55","10,790.68","12,138.00","8,545.05","2,20,357","2,37,78,01,160.85","40,298"
"18-Nov-2024","EQ","10,632.10","10,766.85","10,580.40","10,728.50","10,673.75","10,630.90","10,641.04","12,138.00","8,545.05","4,24,186","4,51,37,81,570.70","60,094"
"14-Nov-2024","EQ","10,726.00","10,832.50","10,542.50","10,782.20","10,720.30","10,728.50","10,716.27","12,138.00","8,545.05","2,97,442","3,18,74,67,831.30","61,004"
"13-Nov-2024","EQ","10,803.30","10,873.50","10,750.00","10,892.00","10,800.00","10,782.20","10,803.96","12,138.00","8,545.05","2,16,900","2,34,33,78,112.30","41,763"
"12-Nov-2024","EQ","10,970.50","11,074.75","10,840.00","10,970.45","10,840.00","10,892.00","10,934.98","12,138.00","8,545.05","1,66,347","1,81,90,00,991.80","42,676"
"11-Nov-2024","EQ","11,015.00","11,109.95","10,896.05","11,043.35","10,961.35","10,970.45","11,003.68","12,138.00","8,545.05","1,07,472","1,18,25,87,670.05","26,170"
"08-Nov-2024","EQ","11,029.10","11,139.35","10,960.70","11,050.80","11,015.00","11,043.35","11,020.53","12,138.00","8,521.20","1,55,894","1,71,80,35,273.20","44,645"
"07-Nov-2024","EQ","11,241.55","11,244.95","11,001.10","11,274.40","11,065.60","11,050.80","11,073.84","12,138.00","8,521.20","3,26,254","3,61,28,83,044.90","59,279"
"06-Nov-2024","EQ","11,225.00","11,306.90","11,112.00","11,176.35","11,241.55","11,274.40","11,213.74","12,138.00","8,521.20","2,82,486","3,16,77,24,530.90","42,856"
"05-Nov-2024","EQ","10,983.65","11,188.05","10,973.25","11,001.85","11,185.00","11,176.35","11,098.28","12,138.00","8,521.20","2,74,422","3,04,56,13,485.80","45,639"
"04-Nov-2024","EQ","11,147.00","11,156.75","10,930.05","11,145.80","11,013.00","11,001.85","11,016.71","12,138.00","8,521.20","2,76,984","3,05,14,52,394.40","48,403"
"01-Nov-2024","EQ","11,079.95","11,171.30","11,078.55","11,065.65","11,111.00","11,145.80","11,141.93","12,138.00","8,197.45","19,032","21,20,53,222.00","4,701"
"31-Oct-2024","EQ","11,156.80","11,250.90","11,042.55","11,205.10","11,076.90","11,065.65","11,109.96","12,138.00","8,197.45","4,23,687","4,70,71,46,468.90","60,372"
"30-Oct-2024","EQ","11,115.00","11,230.00","11,011.40","11,112.10","11,199.10","11,205.10","11,159.72","12,138.00","8,197.45","2,39,933","2,67,75,85,459.45","38,846"
"29-Oct-2024","EQ","11,074.00","11,136.95","10,917.05","11,092.60","11,092.35","11,112.10","11,030.73","12,138.00","8,197.45","2,66,761","2,94,25,67,973.20","40,621"
"28-Oct-2024","EQ","11,000.00","11,199.35","10,899.60","10,995.20","11,099.00","11,092.60","11,080.97","12,138.00","8,197.45","2,29,113","2,53,87,93,645.20","42,543"
"25-Oct-2024","EQ","11,063.70","11,115.00","10,950.00","11,043.60","10,980.95","10,995.20","11,027.08","12,138.00","8,155.55","5,19,646","5,73,01,78,271.50","75,067"
"24-Oct-2024","EQ","10,753.05","11,085.00","10,718.40","10,753.05","11,039.00","11,043.60","10,986.75","12,138.00","8,155.55","3,41,400","3,75,08,75,558.70","70,663"
"23-Oct-2024","EQ","10,821.95","10,843.65","10,672.00","10,825.15","10,750.00","10,753.05","10,775.13","12,138.00","8,155.55","3,51,717","3,78,97,97,255.80","67,149"
"22-Oct-2024","EQ","10,751.00","11,080.80","10,740.00","10,869.30","10,803.40","10,825.15","10,886.01","12,138.00","8,155.55","7,93,887","8,64,22,64,678.70","1,20,539"
"21-Oct-2024","EQ","11,050.00","11,166.65","10,771.40","11,069.30","10,839.00","10,869.30","10,920.99","12,138.00","8,155.55","5,66,667","6,18,85,62,542.50","95,567"
"18-Oct-2024","EQ","11,017.30","11,139.95","10,901.00","11,017.30","11,084.00","11,069.30","11,058.52","12,138.00","8,155.55","3,30,703","3,65,70,85,290.85","59,794"
"17-Oct-2024","EQ","11,351.00","11,363.95","10,934.05","11,322.30","11,035.00","11,017.30","11,063.88","12,138.00","8,155.55","3,53,330","3,90,92,01,710.95","42,216"
"16-Oct-2024","EQ","11,341.00","11,412.00","11,233.00","11,416.90","11,300.00","11,322.30","11,323.88","12,138.00","8,155.55","2,76,811","3,13,45,73,925.60","45,195"
"15-Oct-2024","EQ","11,400.00","11,432.95","11,290.00","11,300.30","11,425.00","11,416.90","11,373.36","12,138.00","8,155.55","1,82,286","2,07,32,04,383.05","28,590"
"14-Oct-2024","EQ","11,399.95","11,429.95","11,240.00","11,421.30","11,333.00","11,300.30","11,294.45","12,138.00","8,155.55","1,44,163","1,62,82,41,576.60","25,459"
"11-Oct-2024","EQ","11,390.75","11,468.30","11,360.20","11,430.05","11,423.20","11,421.30","11,422.03","12,138.00","8,087.20","1,20,279","1,37,38,30,264.40","27,035"
"10-Oct-2024","EQ","11,439.95","11,459.00","11,353.55","11,350.15","11,417.50","11,430.05","11,406.37","12,138.00","8,087.20","1,80,542","2,05,93,29,206.90","47,737"
"09-Oct-2024","EQ","11,404.05","11,511.00","11,333.00","11,389.80","11,390.90","11,350.15","11,412.01","12,138.00","8,087.20","2,86,382","3,26,81,92,887.85","42,423"
"08-Oct-2024","EQ","11,231.00","11,475.00","11,231.00","11,230.35","11,370.00","11,389.80","11,396.14","12,138.00","8,087.20","4,47,220","5,09,65,83,066.40","58,184"
"07-Oct-2024","EQ","11,491.95","11,529.95","11,192.10","11,450.25","11,230.00","11,230.35","11,309.55","12,138.00","8,087.20","3,74,655","4,23,71,79,491.75","57,338"
"04-Oct-2024","EQ","11,700.00","11,829.15","11,380.00","11,724.80","11,475.00","11,450.25","11,595.84","12,138.00","8,045.05","3,57,277","4,14,29,26,761.90","74,828"
"03-Oct-2024","EQ","11,627.10","11,930.00","11,613.10","11,837.15","11,756.80","11,724.80","11,785.70","12,138.00","8,045.05","3,04,610","3,59,00,40,976.25","60,798"
"01-Oct-2024","EQ","11,802.00","11,887.70","11,650.25","11,802.00","11,849.85","11,837.15","11,789.53","12,138.00","8,045.05","3,24,906","3,83,04,90,174.05","38,912"
"30-Sep-2024","EQ","11,924.00","11,924.00","11,774.05","11,952.30","11,800.00","11,802.00","11,842.54","12,138.00","8,045.05","4,05,493","4,80,20,66,450.15","49,849"
"27-Sep-2024","EQ","12,065.00","12,138.00","11,924.75","12,065.00","11,950.00","11,952.30","11,994.29","12,138.00","8,045.05","4,04,276","4,84,90,01,672.35","60,113"
"26-Sep-2024","EQ","11,835.00","12,080.00","11,767.80","11,816.30","12,060.00","12,065.00","11,943.47","12,080.00","8,045.05","2,77,079","3,30,92,83,963.70","52,821"
"25-Sep-2024","EQ","11,811.00","11,855.60","11,680.00","11,761.65","11,782.05","11,816.30","11,772.16","12,078.00","8,045.05","1,96,686","2,31,54,18,555.95","31,883"
"24-Sep-2024","EQ","11,948.10","11,969.85","11,740.35","11,962.05","11,781.25","11,761.65","11,820.17","12,078.00","8,045.05","2,42,038","2,86,09,30,307.45","45,124"
"23-Sep-2024","EQ","11,835.00","11,998.00","11,800.05","11,798.30","11,989.95","11,962.05","11,945.32","12,078.00","8,045.05","2,79,318","3,33,65,42,109.65","40,813"
"20-Sep-2024","EQ","11,660.00","11,843.90","11,579.60","11,627.50","11,800.00","11,798.30","11,766.06","12,078.00","8,045.05","6,08,787","7,16,30,25,929.05","91,248"
"19-Sep-2024","EQ","11,630.90","11,740.15","11,540.00","11,630.90","11,660.00","11,627.50","11,627.44","12,078.00","8,045.05","2,27,247","2,64,23,01,297.55","42,374"
"18-Sep-2024","EQ","11,683.00","11,763.30","11,535.85","11,645.65","11,600.80","11,630.90","11,661.43","12,078.00","8,045.05","1,85,067","2,15,81,46,543.85","26,099"
"17-Sep-2024","EQ","11,602.55","11,718.60","11,575.00","11,642.65","11,657.70","11,645.65","11,650.96","12,078.00","8,045.05","2,02,725","2,36,19,39,928.65","30,880"
"16-Sep-2024","EQ","11,675.00","11,797.95","11,604.00","11,717.95","11,640.00","11,642.65","11,675.89","12,078.00","8,045.05","2,57,856","3,01,06,97,975.80","27,458"
"13-Sep-2024","EQ","11,695.00","11,762.60","11,625.20","11,710.25","11,680.00","11,717.95","11,705.96","12,078.00","8,045.05","2,79,660","3,27,36,88,140.45","36,600"
"12-Sep-2024","EQ","11,507.85","11,735.00","11,442.25","11,487.45","11,695.00","11,710.25","11,590.96","12,078.00","8,045.05","4,55,934","5,28,47,13,641.20","72,819"
"11-Sep-2024","EQ","11,570.00","11,611.00","11,460.20","11,541.05","11,474.10","11,487.45","11,528.62","12,078.00","8,045.05","1,41,341","1,62,94,67,095.90","33,210"
"10-Sep-2024","EQ","11,539.90","11,639.45","11,460.50","11,494.35","11,555.00","11,541.05","11,547.38","12,078.00","8,045.05","2,37,496","2,74,24,56,000.20","42,957"
"09-Sep-2024","EQ","11,400.00","11,518.45","11,308.00","11,432.85","11,490.00","11,494.35","11,439.07","12,078.00","8,045.05","1,54,665","1,76,92,23,956.90","32,775"
"06-Sep-2024","EQ","11,500.00","11,525.00","11,320.00","11,542.65","11,415.00","11,432.85","11,404.99","12,078.00","8,045.05","2,45,248","2,79,70,49,829.80","45,167"
"05-Sep-2024","EQ","11,630.45","11,822.75","11,514.20","11,580.45","11,532.00","11,542.65","11,653.68","12,078.00","8,045.05","4,06,821","4,74,09,61,235.40","72,362"
"04-Sep-2024","EQ","11,392.00","11,637.45","11,381.85","11,460.80","11,601.25","11,580.45","11,527.59","12,078.00","8,045.05","1,98,185","2,28,45,95,479.65","27,996"
"03-Sep-2024","EQ","11,434.50","11,504.05","11,361.00","11,424.90","11,442.00","11,460.80","11,439.36","12,078.00","8,045.05","1,81,723","2,07,87,94,447.40","30,665"
"02-Sep-2024","EQ","11,325.00","11,465.00","11,325.00","11,301.90","11,415.00","11,424.90","11,415.98","12,078.00","8,045.05","2,48,673","2,83,88,46,206.85","41,643"
"30-Aug-2024","EQ","11,225.05","11,360.90","11,222.00","11,222.00","11,320.00","11,301.90","11,297.84","12,078.00","8,045.05","4,62,185","5,22,16,94,381.30","55,224"
"29-Aug-2024","EQ","11,230.00","11,256.70","11,115.40","11,234.80","11,210.00","11,222.00","11,168.36","12,078.00","8,045.05","4,06,261","4,53,72,70,729.70","56,833"
"28-Aug-2024","EQ","11,280.00","11,317.60","11,211.00","11,300.35","11,220.00","11,234.80","11,265.30","12,078.00","8,045.05","2,01,101","2,26,54,63,456.65","27,954"
"27-Aug-2024","EQ","11,389.10","11,450.00","11,286.45","11,337.10","11,300.00","11,300.35","11,362.28","12,078.00","8,045.05","1,84,428","2,09,55,22,574.20","23,493"
"26-Aug-2024","EQ","11,340.00","11,360.95","11,271.40","11,341.80","11,340.35","11,337.10","11,311.91","12,078.00","8,045.05","2,34,215","2,64,94,19,389.65","37,227"
"23-Aug-2024","EQ","11,315.00","11,380.00","11,204.45","11,309.40","11,372.45","11,341.80","11,286.97","12,078.00","8,045.05","2,58,730","2,92,02,78,454.20","37,389"
"22-Aug-2024","EQ","11,260.00","11,377.40","11,205.00","11,200.90","11,300.00","11,309.40","11,298.24","12,078.00","8,045.05","3,05,457","3,45,11,26,533.70","40,939"
"21-Aug-2024","EQ","11,274.00","11,312.55","11,161.55","11,349.70","11,220.00","11,200.90","11,206.82","12,078.00","8,045.05","4,56,794","5,11,92,10,360.75","48,460"
"20-Aug-2024","EQ","11,365.00","11,525.00","11,277.45","11,315.35","11,299.95","11,349.70","11,426.68","12,078.00","8,045.05","4,21,084","4,81,15,92,149.50","44,262"
"19-Aug-2024","EQ","11,320.00","11,468.10","11,271.75","11,295.70","11,322.00","11,315.35","11,337.46","12,078.00","8,045.05","2,44,264","2,76,93,32,501.25","29,975"
"16-Aug-2024","EQ","11,040.00","11,325.00","10,950.20","11,002.60","11,311.75","11,295.70","11,086.12","12,078.00","7,987.65","4,35,631","4,82,94,55,580.65","62,925"
"14-Aug-2024","EQ","11,200.00","11,200.00","10,963.10","11,271.20","11,006.55","11,002.60","11,037.59","12,078.00","7,987.65","4,04,673","4,46,66,14,090.30","60,296"
"13-Aug-2024","EQ","11,364.00","11,364.00","11,234.65","11,302.85","11,235.00","11,271.20","11,285.33","12,078.00","7,987.65","1,89,972","2,14,38,96,175.65","34,056"
"12-Aug-2024","EQ","11,290.00","11,379.80","11,211.20","11,300.35","11,275.00","11,302.85","11,313.33","12,078.00","7,987.65","2,00,411","2,26,73,15,492.30","28,479"
"09-Aug-2024","EQ","11,449.00","11,449.00","11,231.05","11,258.00","11,315.60","11,300.35","11,299.80","12,078.00","7,987.65","1,89,230","2,13,82,61,357.60","34,727"
"08-Aug-2024","EQ","11,500.00","11,524.20","11,228.75","11,543.20","11,268.00","11,258.00","11,326.83","12,078.00","7,987.65","2,90,349","3,28,87,32,426.25","71,153"
"07-Aug-2024","EQ","11,499.00","11,589.95","11,430.20","11,325.30","11,550.00","11,543.20","11,535.10","12,078.00","7,987.65","2,30,210","2,65,54,96,250.05","38,413"
"06-Aug-2024","EQ","11,449.95","11,575.80","11,272.10","11,417.25","11,384.00","11,325.30","11,428.18","12,078.00","7,987.65","3,68,949","4,21,64,16,028.70","54,926"
"05-Aug-2024","EQ","11,700.00","11,700.00","11,351.20","11,764.50","11,410.90","11,417.25","11,445.96","12,078.00","7,987.65","4,00,844","4,58,80,43,347.60","64,034"
"02-Aug-2024","EQ","11,833.05","11,949.00","11,700.00","11,984.50","11,720.00","11,764.50","11,805.62","12,078.00","7,987.65","2,73,420","3,22,78,93,676.00","56,111"
"01-Aug-2024","EQ","11,887.20","12,032.30","11,803.50","11,887.20","11,960.00","11,984.50","11,897.70","12,078.00","7,987.65","2,50,126","2,97,59,23,795.15","41,337"
"31-Jul-2024","EQ","11,818.95","11,915.00","11,750.35","11,806.45","11,890.00","11,887.20","11,861.26","12,078.00","7,987.65","3,22,531","3,82,56,23,602.25","48,052"
"30-Jul-2024","EQ","11,858.00","11,858.00","11,644.50","11,873.80","11,810.00","11,806.45","11,733.83","12,078.00","7,987.65","4,38,108","5,14,06,86,179.10","73,281"
"29-Jul-2024","EQ","11,680.00","11,940.00","11,673.05","11,673.05","11,898.10","11,873.80","11,820.44","12,078.00","7,987.65","4,96,437","5,86,81,05,962.15","55,488"
"26-Jul-2024","EQ","11,441.50","11,742.45","11,395.60","11,441.50","11,664.05","11,673.05","11,617.13","12,078.00","7,987.65","3,33,210","3,87,09,43,421.65","46,472"
"25-Jul-2024","EQ","11,418.00","11,476.80","11,291.00","11,453.40","11,465.00","11,441.50","11,389.41","12,078.00","7,987.65","2,54,683","2,90,06,89,682.90","45,632"
"24-Jul-2024","EQ","11,540.00","11,560.75","11,355.65","11,545.80","11,484.65","11,453.40","11,423.92","12,078.00","7,987.65","2,68,139","3,06,31,97,466.10","38,110"
"23-Jul-2024","EQ","11,649.95","11,735.40","11,329.10","11,515.70","11,515.00","11,545.80","11,593.29","12,078.00","7,987.65","5,25,157","6,08,82,96,908.35","69,758"
"22-Jul-2024","EQ","11,289.90","11,570.00","11,231.30","11,258.30","11,529.80","11,515.70","11,487.99","12,078.00","7,987.65","5,73,833","6,59,21,90,386.75","59,171"
"19-Jul-2024","EQ","11,645.00","11,645.00","11,228.65","11,647.25","11,272.50","11,258.30","11,369.41","12,078.00","7,987.65","5,14,154","5,84,56,25,749.30","78,591"
"18-Jul-2024","EQ","11,650.00","11,683.85","11,475.00","11,658.70","11,650.00","11,647.25","11,554.19","12,078.00","7,987.65","7,31,274","8,44,92,80,565.35","90,966"
"16-Jul-2024","EQ","11,907.05","11,907.05","11,631.90","11,833.65","11,680.00","11,658.70","11,738.25","12,078.00","7,987.65","5,56,056","6,52,71,26,115.90","39,951"
"15-Jul-2024","EQ","11,752.90","11,898.00","11,661.90","11,602.30","11,837.85","11,833.65","11,800.29","12,078.00","7,987.65","3,94,470","4,65,48,62,271.55","59,475"
"12-Jul-2024","EQ","11,554.00","11,680.00","11,470.05","11,554.95","11,660.10","11,602.30","11,582.59","12,078.00","7,987.65","3,66,274","4,24,24,02,942.90","75,698"
"11-Jul-2024","EQ","11,599.00","11,640.00","11,499.00","11,634.25","11,555.10","11,554.95","11,552.69","12,078.00","7,987.65","3,66,819","4,23,77,47,189.05","78,226"
"10-Jul-2024","EQ","11,689.00","11,739.80","11,470.00","11,679.80","11,612.60","11,634.25","11,583.00","12,078.00","7,987.65","2,02,406","2,34,44,68,514.25","48,791"
"09-Jul-2024","EQ","11,582.95","11,761.70","11,484.45","11,582.90","11,668.85","11,679.80","11,560.15","12,078.00","7,987.65","5,30,901","6,13,72,96,515.45","52,509"
"08-Jul-2024","EQ","11,694.00","11,714.80","11,530.00","11,690.15","11,579.00","11,582.90","11,586.69","12,078.00","7,987.65","1,49,210","1,72,88,50,613.25","31,744"
"05-Jul-2024","EQ","11,796.55","11,824.55","11,620.25","11,760.05","11,689.00","11,690.15","11,694.58","12,078.00","7,987.65","4,25,987","4,98,17,40,505.90","80,348"
"04-Jul-2024","EQ","11,885.00","11,936.85","11,721.55","11,872.10","11,770.05","11,760.05","11,781.39","12,078.00","7,987.65","2,27,230","2,67,70,84,512.55","43,045"
"03-Jul-2024","EQ","11,855.25","11,899.00","11,761.95","11,853.95","11,885.00","11,872.10","11,828.37","12,078.00","7,987.65","2,06,171","2,43,86,66,814.60","28,306"
"02-Jul-2024","EQ","11,944.00","12,078.00","11,800.00","11,904.65","11,855.00","11,853.95","11,924.34","12,078.00","7,987.65","4,22,173","5,03,41,32,541.40","75,134"
"01-Jul-2024","EQ","11,669.00","12,031.60","11,667.90","11,667.90","11,900.00","11,904.65","11,853.51","12,031.60","7,987.65","5,20,339","6,16,78,46,023.20","92,867"
"28-Jun-2024","EQ","11,699.90","11,779.00","11,469.85","11,716.70","11,650.50","11,667.90","11,644.85","11,874.95","7,987.65","6,84,790","7,97,42,79,864.45","1,33,792"
"27-Jun-2024","EQ","11,270.00","11,874.95","11,269.00","11,143.10","11,749.85","11,716.70","11,629.79","11,874.95","7,987.65","23,39,734","27,21,06,12,119.90","2,63,059"
"26-Jun-2024","EQ","10,907.70","11,261.00","10,903.00","10,846.20","11,154.00","11,143.10","11,136.81","11,299.00","7,987.65","7,93,197","8,83,36,84,957.75","1,12,877"
"25-Jun-2024","EQ","10,801.95","11,007.95","10,800.40","10,786.00","10,875.00","10,846.20","10,914.82","11,299.00","7,987.65","5,62,075","6,13,49,48,636.75","63,699"
"24-Jun-2024","EQ","10,717.50","10,845.00","10,594.65","10,662.40","10,780.35","10,786.00","10,742.16","11,299.00","7,987.65","2,76,148","2,96,64,24,642.10","44,896"
"21-Jun-2024","EQ","10,882.50","10,961.45","10,611.55","10,903.20","10,638.80","10,662.40","10,731.59","11,299.00","7,987.65","5,86,745","6,29,67,08,866.10","1,10,877"
"20-Jun-2024","EQ","11,008.90","11,173.90","10,875.40","10,995.55","10,938.00","10,903.20","10,993.13","11,299.00","7,987.65","4,45,369","4,89,59,98,746.35","93,209"
"19-Jun-2024","EQ","11,150.00","11,177.70","10,968.25","11,119.05","10,994.05","10,995.55","11,021.22","11,299.00","7,987.65","6,59,266","7,26,59,12,602.20","70,880"
"18-Jun-2024","EQ","11,250.00","11,269.35","11,051.65","11,242.80","11,120.10","11,119.05","11,124.28","11,299.00","7,987.65","3,22,724","3,59,00,73,350.30","53,007"
"14-Jun-2024","EQ","11,170.00","11,271.00","11,147.30","11,173.80","11,250.00","11,242.80","11,218.86","11,299.00","7,987.65","3,05,318","3,42,53,19,458.75","56,711"
"13-Jun-2024","EQ","11,250.00","11,299.00","10,996.15","11,044.80","11,155.25","11,173.80","11,127.70","11,299.00","7,987.65","6,02,322","6,70,24,58,095.45","1,09,755"
"12-Jun-2024","EQ","10,871.50","11,099.95","10,871.50","10,933.55","11,038.00","11,044.80","11,009.69","11,099.95","7,987.65","4,39,143","4,83,48,29,952.10","70,764"
"11-Jun-2024","EQ","10,903.95","10,989.00","10,826.25","10,826.25","10,929.80","10,933.55","10,927.15","10,989.00","7,987.65","6,50,137","7,10,41,44,478.85","86,433"
"10-Jun-2024","EQ","10,495.00","10,907.95","10,463.15","10,463.15","10,804.00","10,826.25","10,795.20","10,907.95","7,987.65","7,05,256","7,61,33,77,327.90","1,12,495"
"07-Jun-2024","EQ","9,965.00","10,505.00","9,965.00","10,054.95","10,435.95","10,463.15","10,362.61","10,526.00","7,865.00","5,45,284","5,65,05,64,640.30","1,00,222"
"06-Jun-2024","EQ","9,995.00","10,176.50","9,931.10","10,038.10","10,060.05","10,054.95","10,038.96","10,526.00","7,865.00","4,83,566","4,85,44,98,687.55","1,00,190"
"05-Jun-2024","EQ","9,989.95","10,070.00","9,740.00","9,918.30","10,016.00","10,038.10","9,931.22","10,526.00","7,865.00","3,61,720","3,59,23,21,232.75","66,029"
"04-Jun-2024","EQ","10,475.00","10,498.50","9,534.95","10,470.05","9,999.00","9,918.30","10,128.19","10,526.00","7,865.00","9,72,018","9,84,47,87,701.00","1,71,158"
"03-Jun-2024","EQ","10,300.00","10,519.80","10,216.35","9,915.50","10,450.00","10,470.05","10,435.53","10,526.00","7,865.00","7,32,632","7,64,54,04,775.10","1,02,794"
"31-May-2024","EQ","9,932.00","10,080.00","9,750.10","9,868.85","9,880.00","9,915.50","9,951.88","10,526.00","7,735.00","7,91,072","7,87,26,56,860.30","99,705"
"30-May-2024","EQ","10,021.00","10,025.00","9,830.00","10,023.40","9,879.95","9,868.85","9,886.57","10,526.00","7,735.00","3,23,424","3,19,75,52,925.20","62,847"
"29-May-2024","EQ","10,177.95","10,177.95","9,961.00","10,178.90","10,031.00","10,023.40","10,026.48","10,526.00","7,735.00","3,17,883","3,18,72,48,922.00","50,928"
"28-May-2024","EQ","10,264.00","10,365.85","10,146.45","10,225.50","10,192.15","10,178.90","10,262.72","10,526.00","7,735.00","4,03,774","4,14,38,17,491.75","75,375"
"27-May-2024","EQ","10,277.95","10,353.95","10,177.65","10,231.10","10,198.20","10,225.50","10,267.62","10,526.00","7,735.00","3,89,326","3,99,74,53,171.10","55,383"
"24-May-2024","EQ","10,165.00","10,369.00","10,122.55","10,170.55","10,237.95","10,231.10","10,252.31","10,526.00","7,590.05","5,19,418","5,32,52,33,928.45","78,232"
"23-May-2024","EQ","9,905.15","10,199.85","9,855.00","9,894.85","10,150.00","10,170.55","10,013.45","10,526.00","7,590.05","5,21,622","5,22,32,35,555.15","76,802"
"22-May-2024","EQ","9,870.00","9,950.00","9,822.25","9,789.40","9,899.85","9,894.85","9,899.11","10,526.00","7,590.05","2,80,237","2,77,40,98,029.95","41,795"
"21-May-2024","EQ","9,826.00","9,850.75","9,762.05","9,865.60","9,808.90","9,789.40","9,798.14","10,526.00","7,590.05","3,46,947","3,39,94,34,567.35","39,402"
"18-May-2024","EQ","9,948.00","9,948.00","9,840.00","9,890.35","9,853.50","9,865.60","9,871.57","10,526.00","7,585.10","12,290","12,13,21,656.45","2,608"
"17-May-2024","EQ","9,740.00","9,900.00","9,685.25","9,709.10","9,895.25","9,890.35","9,837.66","10,526.00","7,585.10","2,83,850","2,79,24,19,365.05","62,786"